id_cliente,mes,idade,profissao,salario_anual,num_contas,num_cartoes,juros_emprestimo,num_emprestimos,dias_atraso,num_pagamentos_atrasados,num_verificacoes_credito,mix_credito,divida_total,taxa_uso_credito,idade_historico_credito,investimento_mensal,comportamento_pagamento,saldo_final_mes,score_credito,emprestimo_carro,emprestimo_casa,emprestimo_pessoal,emprestimo_credito,emprestimo_estudantil,origin_file
1,4,23.0,5,19114.12,3.0,4.0,3.0,4.0,3.0,7.0,4.0,0,809.98,26.822619623699016,265.0,21.465380264657146,1,312.49408867943663,Good,1,1,1,1,0,0
2,3,35.0,10,50000.0,4.0,2.0,2.5,3.0,8.0,6.0,5.0,2,5500.0,55.0,680.0,130.0,2,1200.0,Poor,0,1,1,1,0,0
3,8,40.0,16,80000.0,5.0,3.0,2.0,3.0,6.0,5.0,5.0,1,7500.0,93.75,750.0,200.0,0,1500.0,Excellent,1,1,1,1,0,0
4,0,28.0,0,60000.0,3.0,2.0,3.0,2.0,4.0,4.0,4.0,0,4500.0,64.28571428571429,600.0,100.0,0,1000.0,Good,0,1,0,1,0,0
5,7,45.0,19,55000.0,4.0,3.0,2.0,3.0,7.0,7.0,5.0,0,5000.0,50.0,700.0,150.0,2,1200.0,Standard,1,0,0,1,0,0
6,6,33.0,20,48000.0,3.0,3.0,2.0,3.0,5.0,5.0,4.0,1,4000.0,66.66666666666667,650.0,120.0,1,1300.0,Good,1,1,1,1,0,0
7,5,38.0,2,70000.0,4.0,2.0,2.5,2.0,6.0,6.0,5.0,0,6000.0,60.0,700.0,140.0,0,1400.0,Excellent,1,0,0,1,0,0
8,1,47.0,4,55000.0,5.0,3.0,2.0,3.0,8.0,7.0,6.0,2,5000.0,45.45454545454545,720.0,160.0,2,1600.0,Poor,0,1,1,1,0,0
9,11,30.0,12,0.0,1.0,0.0,0.0,0.0,0.0,0.0,0.0,1,0.0,0.0,0.0,0.0,4,0.0,Standard,0,0,0,0,1,0
10,10,34.0,22,48000.0,3.0,2.0,3.0,2.0,6.0,5.0,5.0,0,4200.0,58.333333333333336,600.0,110.0,1,900.0,Good,1,0,0,1,0,0
11,9,43.0,6,60000.0,4.0,3.0,2.0,3.0,7.0,7.0,5.0,0,5700.0,65.45454545454545,750.0,160.0,3,1400.0,Excellent,1,1,1,1,0,0
12,2,25.0,1,40000.0,3.0,2.0,2.5,2.0,5.0,5.0,4.0,0,3000.0,50.0,550.0,100.0,0,1000.0,Good,0,1,0,1,0,0
13,4,31.0,9,45000.0,3.0,3.0,2.0,3.0,6.0,6.0,5.0,0,3500.0,58.333333333333336,600.0,110.0,1,900.0,Good,1,0,0,1,0,0
14,3,20.0,11,10000.0,1.0,1.0,3.5,1.0,3.0,2.0,2.0,2,1000.0,100.0,300.0,50.0,0,800.0,Poor,0,1,0,1,0,0
15,8,50.0,14,30000.0,2.0,1.0,4.0,1.0,5.0,4.0,3.0,1,3000.0,60.0,500.0,80.0,2,600.0,Standard,1,0,0,1,0,0
16,0,39.0,18,35000.0,2.0,2.0,3.0,2.0,6.0,5.0,4.0,0,2800.0,40.0,550.0,90.0,1,700.0,Good,1,0,0,1,0,0
17,7,28.0,7,25000.0,1.0,1.0,4.5,1.0,8.0,7.0,3.0,2,2000.0,50.0,400.0,60.0,0,400.0,Poor,0,1,1,1,0,0
18,6,42.0,8,55000.0,3.0,2.0,2.5,2.0,5.0,4.0,4.0,0,4500.0,75.0,620.0,120.0,3,1000.0,Good,1,1,1,1,0,0
19,5,27.0,10,40000.0,2.0,1.0,3.0,1.0,7.0,6.0,2.0,2,3500.0,58.333333333333336,550.0,100.0,1,800.0,Standard,1,0,0,1,0,0
20,1,37.0,11,15000.0,1.0,1.0,4.0,1.0,4.0,3.0,2.0,1,1200.0,80.0,250.0,40.0,0,400.0,Poor,0,1,0,1,0,0
21,11,31.0,13,20000.0,1.0,1.0,4.5,1.0,9.0,8.0,3.0,2,1800.0,60.0,300.0,50.0,1,500.0,Poor,0,1,0,1,0,0
22,10,24.0,15,28000.0,2.0,2.0,3.0,2.0,6.0,5.0,4.0,0,2200.0,40.0,450.0,70.0,2,700.0,Good,1,1,0,1,0,0
23,9,29.0,17,22000.0,1.0,1.0,4.0,1.0,10.0,9.0,3.0,2,1800.0,60.0,350.0,60.0,0,600.0,Poor,0,1,1,1,0,0
24,2,46.0,19,60000.0,4.0,3.0,2.0,3.0,7.0,7.0,5.0,0,5500.0,61.11111111111112,680.0,130.0,2,1200.0,Standard,1,0,0,1,0,0
25,4,32.0,21,35000.0,2.0,1.0,3.5,1.0,7.0,6.0,2.0,2,3000.0,50.0,500.0,80.0,1,600.0,Poor,0,1,0,1,0,0
26,3,36.0,1,48000.0,3.0,2.0,2.5,2.0,6.0,5.0,4.0,0,4000.0,57.142857142857146,600.0,110.0,0,900.0,Good,1,0,0,1,0,0
27,8,47.0,3,25000.0,1.0,1.0,4.5,1.0,8.0,7.0,3.0,2,2000.0,50.0,400.0,60.0,1,400.0,Poor,0,1,1,1,0,0
28,0,26.0,10,38000.0,2.0,2.0,3.0,2.0,7.0,6.0,4.0,0,3200.0,45.71428571428572,500.0,90.0,2,800.0,Standard,1,0,0,1,0,0
29,7,42.0,14,35000.0,2.0,1.0,4.0,1.0,9.0,8.0,3.0,2,2800.0,40.0,550.0,90.0,1,700.0,Good,1,0,0,1,0,0
30,6,29.0,18,30000.0,2.0,2.0,3.0,2.0,6.0,5.0,4.0,0,2500.0,35.714285714285715,500.0,80.0,0,600.0,Good,1,1,1,1,0,0
31,5,38.0,7,28000.0,1.0,1.0,4.5,1.0,8.0,7.0,3.0,2,2200.0,55.0,450.0,70.0,2,700.0,Poor,0,1,0,1,0,0
32,1,43.0,8,55000.0,3.0,2.0,2.5,2.0,5.0,4.0,4.0,0,4500.0,75.0,620.0,120.0,1,1000.0,Good,1,0,1,1,0,0
33,11,28.0,10,40000.0,2.0,1.0,3.0,1.0,6.0,5.0,2.0,2,3500.0,58.333333333333336,550.0,100.0,0,800.0,Standard,1,0,0,1,0,0
34,10,34.0,11,15000.0,1.0,1.0,4.0,1.0,4.0,3.0,2.0,1,1200.0,80.0,250.0,40.0,1,400.0,Poor,0,1,0,1,0,0
35,9,49.0,13,20000.0,1.0,1.0,4.5,1.0,9.0,8.0,3.0,2,1800.0,60.0,300.0,50.0,0,500.0,Poor,0,1,1,1,0,0
36,2,23.0,15,25000.0,2.0,2.0,3.0,2.0,6.0,5.0,4.0,0,2000.0,28.571428571428573,350.0,60.0,2,600.0,Good,1,0,0,1,0,0
37,4,31.0,17,22000.0,1.0,1.0,4.0,1.0,10.0,9.0,3.0,2,1800.0,60.0,350.0,60.0,1,600.0,Poor,0,1,0,1,0,0
38,3,46.0,19,60000.0,4.0,3.0,2.0,3.0,7.0,7.0,5.0,0,5500.0,61.11111111111112,680.0,130.0,2,1200.0,Standard,1,0,0,1,0,0
39,8,32.0,21,35000.0,2.0,1.0,3.5,1.0,7.0,6.0,2.0,2,3000.0,50.0,500.0,80.0,1,600.0,Poor,0,1,0,1,0,0
40,0,36.0,1,48000.0,3.0,2.0,2.5,2.0,6.0,5.0,4.0,0,4000.0,57.142857142857146,600.0,110.0,0,900.0,Good,1,0,0,1,0,0
41,7,47.0,3,25000.0,1.0,1.0,4.5,1.0,8.0,7.0,3.0,2,2000.0,50.0,400.0,60.0,1,400.0,Poor,0,1,1,1,0,0
42,6,26.0,10,38000.0,2.0,2.0,3.0,2.0,7.0,6.0,4.0,0,3200.0,45.71428571428572,500.0,90.0,2,800.0,Standard,1,0,0,1,0,0
43,5,42.0,14,35000.0,2.0,1.0,4.0,1.0,9.0,8.0,3.0,2,2800.0,40.0,550.0,90.0,1,700.0,Good,1,0,0,1,0,0
44,1,29.0,18,30000.0,2.0,2.0,3.0,2.0,6.0,5.0,4.0,0,2500.0,35.714285714285715,500.0,80.0,0,600.0,Good,1,1,1,1,0,0
45,11,38.0,7,28000.0,1.0,1.0,4.5,1.0,8.0,7.0,3.0,2,2200.0,55.0,450.0,70.0,2,700.0,Poor,0,1,0,1,0,0
46,10,43.0,8,55000.0,3.0,2.0,2.5,2.0,5.0,4.0,4.0,0,4500.0,75.0,620.0,120.0,1,1000.0,Good,1,0,1,1,0,0
47,9,28.0,10,40000.0,2.0,1.0,3.0,1.0,6.0,5.0,2.0,2,3500.0,58.333333333333336,550.0,100.0,0,800.0,Standard,1,0,0,1,0,0
48,2,34.0,11,15000.0,1.0,1.0,4.0,1.0,4.0,3.0,2.0,1,1200.0,80.0,250.0,40.0,1,400.0,Poor,0,1,0,1,0,0
49,4,49.0,13,20000.0,1.0,1.0,4.5,1.0,9.0,8.0,3.0,2,1800.0,60.0,300.0,50.0,0,500.0,Poor,0,1,1,1,0,0
50,3,23.0,15,25000.0,2.0,2.0,3.0,2.0,6.0,5.0,4.0,0,2000.0,28.571428571428573,350.0,60.0,2,600.0,Good,1,0,0,1,0,0
51,8,31.0,17,22000.0,1.0,1.0,4.0,1.0,10.0,9.0,3.0,2,1800.0,60.0,350.0,60.0,1,600.0,Poor,0,1,0,1,0,0
52,0,46.0,19,60000.0,4.0,3.0,2.0,3.0,7.0,7.0,5.0,0,5500.0,61.11111111111112,680.0,130.0,2,1200.0,Standard,1,0,0,1,0,0
53,7,32.0,21,35000.0,2.0,1.0,3.5,1.0,7.0,6.0,2.0,2,3000.0,50.0,500.0,80.0,1,600.0,Poor,0,1,0,1,0,0
54,6,36.0,1,48000.0,3.0,2.0,2.5,2.0,6.0,5.0,4.0,0,4000.0,57.142857142857146,600.0,110.0,0,900.0,Good,1,0,0,1,0,0
55,5,47.0,3,25000.0,1.0,1.0,4.5,1.0,8.0,7.0,3.0,2,2000.0,50.0,400.0,60.0,1,400.0,Poor,0,1,1,1,0,0
56,1,26.0,10,38000.0,2.0,2.0,3.0,2.0,7.0,6.0,4.0,0,3200.0,45.71428571428572,500.0,90.0,2,800.0,Standard,1,0,0,1,0,0
57,11,42.0,14,35000.0,2.0,1.0,4.0,1.0,9.0,8.0,3.0,2,2800.0,40.0,550.0,90.0,1,700.0,Good,1,0,0,1,0,0
58,10,29.0,18,30000.0,2.0,2.0,3.0,2.0,6.0,5.0,4.0,0,2500.0,35.714285714285715,500.0,80.0,0,600.0,Good,1,1,1,1,0,0
59,9,38.0,7,28000.0,1.0,1.0,4.5,1.0,8.0,7.0,3.0,2,2200.0,55.0,450.0,70.0,2,700.0,Poor,0,1,0,1,0,0
60,2,43.0,8,55000.0,3.0,2.0,2.5,2.0,5.0,4.0,4.0,0,4500.0,75.0,620.0,120.0,1,1000.0,Good,1,0,1,1,0,0
61,4,28.0,10,40000.0,2.0,1.0,3.0,1.0,6.0,5.0,2.0,2,3500.0,58.333333333333336,550.0,100.0,0,800.0,Standard,1,0,0,1,0,0
62,3,34.0,11,15000.0,1.0,1.0,4.0,1.0,4.0,3.0,2.0,1,1200.0,80.0,250.0,40.0,1,400.0,Poor,0,1,0,1,0,0
63,8,49.0,13,20000.0,1.0,1.0,4.5,1.0,9.0,8.0,3.0,2,1800.0,60.0,300.0,50.0,0,500.0,Poor,0,1,1,1,0,0
64,0,23.0,15,25000.0,2.0,2.0,3.0,2.0,6.0,5.0,4.0,0,2000.0,28.571428571428573,350.0,60.0,2,600.0,Good,1,0,0,1,0,0
65,7,31.0,17,22000.0,1.0,1.0,4.0,1.0,10.0,9.0,3.0,2,1800.0,60.0,350.0,60.0,1,600.0,Poor,0,1,0,1,0,0
66,6,46.0,19,60000.0,4.0,3.0,2.0,3.0,7.0,7.0,5.0,0,5500.0,61.11111111111112,680.0,130.0,2,1200.0,Standard,1,0,0,1,0,0
67,5,32.0,21,35000.0,2.0,1.0,3.5,1.0,7.0,6.0,2.0,2,3000.0,50.0,500.0,80.0,1,600.0,Poor,0,1,0,1,0,0
68,1,36.0,1,48000.0,3.0,2.0,2.5,2.0,6.0,5.0,4.0,0,4000.0,57.142857142857146,600.0,110.0,0,900.0,Good,1,0,0,1,0,0
69,11,47.0,3,25000.0,1.0,1.0,4.5,1.0,8.0,7.0,3.0,2,2000.0,50.0,400.0,60.0,1,400.0,Poor,0,1,1,1,0,0
70,10,26.0,10,38000.0,2.0,2.0,3.0,2.0,7.0,6.0,4.0,0,3200.0,45.71428571428572,500.0,90.0,2,800.0,Standard,1,0,0,1,0,0
71,9,42.0,14,35000.0,2.0,1.0,4.0,1.0,9.0,8.0,3.0,2,2800.0,40.0,550.0,90.0,1,700.0,Good,1,0,0,1,0,0
72,2,29.0,18,30000.0,2.0,2.0,3.0,2.0,6.0,5.0,4.0,0,2500.0,35.714285714285715,500.0,80.0,0,600.0,Good,1,1,1,1,0,0
73,4,38.0,7,28000.0,1.0,1.0,4.5,1.0,8.0,7.0,3.0,2,2200.0,55.0,450.0,70.0,2,700.0,Poor,0,1,0,1,0,0
74,3,43.0,8,55000.0,3.0,2.0,2.5,2.0,5.0,4.0,4.0,0,4500.0,75.0,620.0,120.0,1,1000.0,Good,1,0,1,1,0,0
75,8,28.0,10,40000.0,2.0,1.0,3.0,1.0,6.0,5.0,2.0,2,3500.0,58.333333333333336,550.0,100.0,0,800.0,Standard,1,0,0,1,0,0
76,0,34.0,11,15000.0,1.0,1.0,4.0,1.0,4.0,3.0,2.0,1,1200.0,80.0,250.0,40.0,1,400.0,Poor,0,1,0,1,0,0
77,7,49.0,13,20000.0,1.0,1.0,4.5,1.0,9.0,8.0,3.0,2,1800.0,60.0,300.0,50.0,0,500.0,Poor,0,1,1,1,0,0
78,6,23.0,15,25000.0,2.0,2.0,3.0,2.0,6.0,5.0,4.0,0,2000.0,28.571428571428573,350.0,60.0,2,600.0,Good,1,0,0,1,0,0
79,5,31.0,17,22000.0,1.0,1.0,4.0,1.0,10.0,9.0,3.0,2,1800.0,60.0,350.0,60.0,1,600.0,Poor,0,1,0,1,0,0
80,1,46.0,19,60000.0,4.0,3.0,2.0,3.0,7.0,7.0,5.0,0,5500.0,61.11111111111112,680.0,130.0,2,1200.0,Standard,1,0,0,1,0,0
81,11,32.0,21,35000.0,2.0,1.0,3.5,1.0,7.0,6.0,2.0,2,3000.0,50.0,500.0,80.0,1,600.0,Poor,0,1,0,1,0,0
82,10,36.0,1,48000.0,3.0,2.0,2.5,2.0,6.0,5.0,4.0,0,4000.0,57.142857142857146,600.0,110.0,0,900.0,Good,1,0,0,1,0,0
83,9,47.0,3,25000.0,1.0,1.0,4.5,1.0,8.0,7.0,3.0,2,2000.0,50.0,400.0,60.0,1,400.0,Poor,0,1,1,1,0,0
84,2,26.0,10,38000.0,2.0,2.0,3.0,2.0,7.0,6.0,4.0,0,3200.0,45.71428571428572,500.0,90.0,2,800.0,Standard,1,0,0,1,0,0
85,4,42.0,14,35000.0,2.0,1.0,4.0,1.0,9.0,8.0,3.0,2,2800.0,40.0,550.0,90.0,1,700.0,Good,1,0,0,1,0,0
86,3,29.0,18,30000.0,2.0,2.0,3.0,2.0,6.0,5.0,4.0,0,2500.0,35.714285714285715,500.0,80.0,0,600.0,Good,1,1,1,1,0,0
87,8,38.0,7,28000.0,1.0,1.0,4.5,1.0,8.0,7.0,3.0,2,2200.0,55.0,450.0,70.0,2,700.0,Poor,0,1,0,1,0,0
88,0,43.0,8,55000.0,3.0,2.0,2.5,2.0,5.0,4.0,4.0,0,4500.0,75.0,620.0,120.0,1,1000.0,Good,1,0,1,1,0,0
89,7,28.0,10,40000.0,2.0,1.0,3.0,1.0,6.0,5.0,2.0,2,3500.0,58.333333333333336,550.0,100.0,0,800.0,Standard,1,0,0,1,0,0
90,6,34.0,11,15000.0,1.0,1.0,4.0,1.0,4.0,3.0,2.0,1,1200.0,80.0,250.0,40.0,1,400.0,Poor,0,1,0,1,0,0
91,5,49.0,13,20000.0,1.0,1.0,4.5,1.0,9.0,8.0,3.0,2,1800.0,60.0,300.0,50.0,0,500.0,Poor,0,1,1,1,0,0
92,1,23.0,15,25000.0,2.0,2.0,3.0,2.0,6.0,5.0,4.0,0,2000.0,28.571428571428573,350.0,60.0,2,600.0,Good,1,0,0,1,0,0
93,11,31.0,17,22000.0,1.0,1.0,4.0,1.0,10.0,9.0,3.0,2,1800.0,60.0,350.0,60.0,1,600.0,Poor,0,1,0,1,0,0
94,10,46.0,19,60000.0,4.0,3.0,2.0,3.0,7.0,7.0,5.0,0,5500.0,61.11111111111112,680.0,130.0,2,1200.0,Standard,1,0,0,1,0,0
95,9,32.0,21,35000.0,2.0,1.0,3.5,1.0,7.0,6.0,2.0,2,3000.0,50.0,500.0,80.0,1,600.0,Poor,0,1,0,1,0,0
96,2,36.0,1,48000.0,3.0,2.0,2.5,2.0,6.0,5.0,4.0,0,4000.0,57.142857142857146,600.0,110.0,0,900.0,Good,1,0,0,1,0,0
97,4,47.0,3,25000.0,1.0,1.0,4.5,1.0,8.0,7.0,3.0,2,2000.0,50.0,400.0,60.0,1,400.0,Poor,0,1,1,1,0,0
98,3,26.0,10,38000.0,2.0,2.0,3.0,2.0,7.0,6.0,4.0,0,3200.0,45.71428571428572,500.0,90.0,2,800.0,Standard,1,0,0,1,0,0
99,8,42.0,14,35000.0,2.0,1.0,4.0,1.0,9.0,8.0,3.0,2,2800.0,40.0,550.0,90.0,1,700.0,Good,1,0,0,1,0,0
100,0,29.0,18,30000.0,2.0,2.0,3.0,2.0,6.0,5.0,4.0,0,2500.0,35.714285714285715,500.0,80.0,0,600.0,Good,1,1,1,1,0,0
101,7,38.0,7,28000.0,1.0,1.0,4.5,1.0,8.0,7.0,3.0,2,2200.0,55.0,450.0,70.0,2,700.0,Poor,0,1,0,1,0,0
102,6,43.0,8,55000.0,3.0,2.0,2.5,2.0,5.0,4.0,4.0,0,4500.0,75.0,620.0,120.0,1,1000.0,Good,1,0,1,1,0,0
103,5,28.0,10,40000.0,2.0,1.0,3.0,1.0,6.0,5.0,2.0,2,3500.0,58.333333333333336,550.0,100.0,0,800.0,Standard,1,0,0,1,0,0
104,1,34.0,11,15000.0,1.0,1.0,4.0,1.0,4.0,3.0,2.0,1,1200.0,80.0,250.0,40.0,1,400.0,Poor,0,1,0,1,0,0
105,11,49.0,13,20000.0,1.0,1.0,4.5,1.0,9.0,8.0,3.0,2,1800.0,60.0,300.0,50.0,0,500.0,Poor,0,1,1,1,0,0
106,10,23.0,15,25000.0,2.0,2.0,3.0,2.0,6.0,5.0,4.0,0,2000.0,28.571428571428573,350.0,60.0,2,600.0,Good,1,0,0,1,0,0
107,9,31.0,17,22000.0,1.0,1.0,4.0,1.0,10.0,9.0,3.0,2,1800.0,60.0,350.0,60.0,1,600.0,Poor,0,1,0,1,0,0
108,2,46.0,19,60000.0,4.0,3.0,2.0,3.0,7.0,7.0,5.0,0,5500.0,61.11111111111112,680.0,130.0,2,1200.0,Standard,1,0,0,1,0,0
109,4,32.0,21,35000.0,2.0,1.0,3.5,1.0,7.0,6.0,2.0,2,3000.0,50.0,500.0,80.0,1,600.0,Poor,0,1,0,1,0,0
110,3,36.0,1,48000.0,3.0,2.0,2.5,2.0,6.0,5.0,4.0,0,4000.0,57.142857142857146,600.0,110.0,0,900.0,Good,1,0,0,1,0,0
111,8,47.0,3,25000.0,1.0,1.0,4.5,1.0,8.0,7.0,3.0,2,2000.0,50.0,400.0,60.0,1,400.0,Poor,0,1,1,1,0,0
112,0,26.0,10,38000.0,2.0,2.0,3.0,2.0,7.0,6.0,4.0,0,3200.0,45.71428571428572,500.0,90.0,2,800.0,Standard,1,0,0,1,0,0
113,7,42.0,14,35000.0,2.0,1.0,4.0,1.0,9.0,8.0,3.0,2,2800.0,40.0,550.0,90.0,1,700.0,Good,1,0,0,1,0,0
114,6,29.0,18,30000.0,2.0,2.0,3.0,2.0,6.0,5.0,4.0,0,2500.0,35.714285714285715,500.0,80.0,0,600.0,Good,1,1,1,1,0,0
115,5,38.0,7,28000.0,1.0,1.0,4.5,1.0,8.0,7.0,3.0,2,2200.0,55.0,450.0,70.0,2,700.0,Poor,0,1,0,1,0,0
116,1,43.0,8,55000.0,3.0,2.0,2.5,2.0,5.0,4.0,4.0,0,4500.0,75.0,620.0,120.0,1,1000.0,Good,1,0,1,1,0,0
117,11,28.0,10,40000.0,2.0,1.0,3.0,1.0,6.0,5.0,2.0,2,3500.0,58.333333333333336,550.0,100.0,0,800.0,Standard,1,0,0,1,0,0
118,10,34.0,11,15000.0,1.0,1.0,4.0,1.0,4.0,3.0,2.0,1,1200.0,80.0,250.0,40.0,1,400.0,Poor,0,1,0,1,0,0
119,9,49.0,13,20000.0,1.0,1.0,4.5,1.0,9.0,8.0,3.0,2,1800.0,60.0,300.0,50.0,0,500.0,Poor,0,1,1,1,0,0
120,2,23.0,15,25000.0,2.0,2.0,3.0,2.0,6.0,5.0,4.0,0,2000.0,28.571428571428573,350.0,60.0,2,600.0,Good,1,0,0,1,0,0
121,4,31.0,17,22000.0,1.0,1.0,4.0,1.0,10.0,9.0,3.0,2,1800.0,60.0,350.0,60.0,1,600.0,Poor,0,1,0,1,0,0
122,3,46.0,19,60000.0,4.0,3.0,2.0,3.0,7.0,7.0,5.0,0,5500.0,61.11111111111112,680.0,130.0,2,1200.0,Standard,1,0,0,1,0,0
123,8,32.0,21,35000.0,2.0,1.0,3.5,1.0,7.0,6.0,2.0,2,3000.0,50.0,500.0,80.0,1,600.0,Poor,0,1,0,1,0,0
124,0,36.0,1,48000.0,3.0,2.0,2.5,2.0,6.0,5.0,4.0,0,4000.0,57.142857142857146,600.0,110.0,0,900.0,Good,1,0,0,1,0,0
125,7,47.0,3,25000.0,1.0,1.0,4.5,1.0,8.0,7.0,3.0,2,2000.0,50.0,400.0,60.0,1,400.0,Poor,0,1,1,1,0,0
126,6,26.0,10,38000.0,2.0,2.0,3.0,2.0,7.0,6.0,4.0,0,3200.0,45.71428571428572,500.0,90.0,2,800.0,Standard,1,0,0,1,0,0
127,5,42.0,14,35000.0,2.0,1.0,4.0,1.0,9.0,8.0,3.0,2,2800.0,40.0,550.0,90.0,1,700.0,Good,1,0,0,1,0,0
128,1,29.0,18,30000.0,2.0,2.0,3.0,2.0,6.0,5.0,4.0,0,2500.0,35.714285714285715,500.0,80.0,0,600.0,Good,1,1,1,1,0,0
129,11,38.0,7,28000.0,1.0,1.0,4.5,1.0,8.0,7.0,3.0,2,2200.0,55.0,450.0,70.0,2,700.0,Poor,0,1,0,1,0,0
130,10,43.0,8,55000.0,3.0,2.0,2.5,2.0,5.0,4.0,4.0,0,4500.0,75.0,620.0,120.0,1,1000.0,Good,1,0,1,1,0,0
131,9,28.0,10,40000.0,2.0,1.0,3.0,1.0,6.0,5.0,2.0,2,3500.0,58.333333333333336,550.0,100.0,0,800.0,Standard,1,0,0,1,0,0
132,2,34.0,11,15000.0,1.0,1.0,4.0,1.0,4.0,3.0,2.0,1,1200.0,80.0,250.0,40.0,1,400.0,Poor,0,1,0,1,0,0
133,4,49.0,13,20000.0,1.0,1.0,4.5,1.0,9.0,8.0,3.0,2,1800.0,60.0,300.0,50.0,0,500.0,Poor,0,1,1,1,0,0
134,3,23.0,15,25000.0,2.0,2.0,3.0,2.0,6.0,5.0,4.0,0,2000.0,28.571428571428573,350.0,60.0,2,600.0,Good,1,0,0,1,0,0
135,8,31.0,17,22000.0,1.0,1.0,4.0,1.0,10.0,9.0,3.0,2,1800.0,60.0,350.0,60.0,1,600.0,Poor,0,1,0,1,0,0
136,0,46.0,19,60000.0,4.0,3.0,2.0,3.0,7.0,7.0,5.0,0,5500.0,61.11111111111112,680.0,130.0,2,1200.0,Standard,1,0,0,1,0,0
137,7,32.0,21,35000.0,2.0,1.0,3.5,1.0,7.0,6.0,2.0,2,3000.0,50.0,500.0,80.0,1,600.0,Poor,0,1,0,1,0,0
138,6,36.0,1,48000.0,3.0,2.0,2.5,2.0,6.0,5.0,4.0,0,4000.0,57.142857142857146,600.0,110.0,0,900.0,Good,1,0,0,1,0,0
139,5,47.0,3,25000.0,1.0,1.0,4.5,1.0,8.0,7.0,3.0,2,2000.0,50.0,400.0,60.0,1,400.0,Poor,0,1,1,1,0,0
140,1,26.0,10,38000.0,2.0,2.0,3.0,2.0,7.0,6.0,4.0,0,3200.0,45.71428571428572,500.0,90.0,2,800.0,Standard,1,0,0,1,0,0
141,11,42.0,14,35000.0,2.0,1.0,4.0,1.0,9.0,8.0,3.0,2,2800.0,40.0,550.0,90.0,1,700.0,Good,1,0,0,1,0,0
142,10,29.0,18,30000.0,2.0,2.0,3.0,2.0,6.0,5.0,4.0,0,2500.0,35.714285714285715,500.0,80.0,0,600.0,Good,1,1,1,1,0,0
143,9,38.0,7,28000.0,1.0,1.0,4.5,1.0,8.0,7.0,3.0,2,2200.0,55.0,450.0,70.0,2,700.0,Poor,0,1,0,1,0,0
144,2,43.0,8,55000.0,3.0,2.0,2.5,2.0,5.0,4.0,4.0,0,4500.0,75.0,620.0,120.0,1,1000.0,Good,1,0,1,1,0,0
145,4,28.0,10,40000.0,2.0,1.0,3.0,1.0,6.0,5.0,2.0,2,3500.0,58.333333333333336,550.0,100.0,0,800.0,Standard,1,0,0,1,0,0
146,3,34.0,11,15000.0,1.0,1.0,4.0,1.0,4.0,3.0,2.0,1,1200.0,80.0,250.0,40.0,1,400.0,Poor,0,1,0,1,0,0
147,8,49.0,13,20000.0,1.0,1.0,4.5,1.0,9.0,8.0,3.0,2,1800.0,60.0,300.0,50.0,0,500.0,Poor,0,1,1,1,0,0
148,0,23.0,15,25000.0,2.0,2.0,3.0,2.0,6.0,5.0,4.0,0,2000.0,28.571428571428573,350.0,60.0,2,600.0,Good,1,0,0,1,0,0
149,7,31.0,17,22000.0,1.0,1.0,4.0,1.0,10.0,9.0,3.0,2,1800.0,60.0,350.0,60.0,1,600.0,Poor,0,1,0,1,0,0
150,6,46.0,19,60000.0,4.0,3.0,2.0,3.0,7.0,7.0,5.0,0,5500.0,61.11111111111112,680.0,130.0,2,1200.0,Standard,1,0,0,1,0,0
151,5,32.0,21,35000.0,2.0,1.0,3.5,1.0,7.0,6.0,2.0,2,3000.0,50.0,500.0,80.0,1,600.0,Poor,0,1,0,1,0,0
152,1,36.0,1,48000.0,3.0,2.0,2.5,2.0,6.0,5.0,4.0,0,4000.0,57.142857142857146,600.0,110.0,0,900.0,Good,1,0,0,1,0,0
153,11,47.0,3,25000.0,1.0,1.0,4.5,1.0,8.0,7.0,3.0,2,2000.0,50.0,400.0,60.0,1,400.0,Poor,0,1,1,1,0,0
154,10,26.0,10,38000.0,2.0,2.0,3.0,2.0,7.0,6.0,4.0,0,3200.0,45.71428571428572,500.0,90.0,2,800.0,Standard,1,0,0,1,0,0
155,9,42.0,14,35000.0,2.0,1.0,4.0,1.0,9.0,8.0,3.0,2,2800.0,40.0,550.0,90.0,1,700.0,Good,1,0,0,1,0,0
156,2,29.0,18,30000.0,2.0,2.0,3.0,2.0,6.0,5.0,4.0,0,2500.0,35.714285714285715,500.0,80.0,0,600.0,Good,1,1,1,1,0,0
157,4,38.0,7,28000.0,1.0,1.0,4.5,1.0,8.0,7.0,3.0,2,2200.0,55.0,450.0,70.0,2,700.0,Poor,0,1,0,1,0,0
158,3,43.0,8,55000.0,3.0,2.0,2.5,2.0,5.0,4.0,4.0,0,4500.0,75.0,620.0,120.0,1,1000.0,Good,1,0,1,1,0,0
159,8,28.0,10,40000.0,2.0,1.0,3.0,1.0,6.0,5.0,2.0,2,3500.0,58.333333333333336,550.0,100.0,0,800.0,Standard,1,0,0,1,0,0
160,0,34.0,11,15000.0,1.0,1.0,4.0,1.0,4.0,3.0,2.0,1,1200.0,80.0,250.0,40.0,1,400.0,Poor,0,1,0,1,0,0
161,7,49.0,13,20000.0,1.0,1.0,4.5,1.0,9.0,8.0,3.0,2,1800.0,60.0,300.0,50.0,0,500.0,Poor,0,1,1,1,0,0
162,6,23.0,15,25000.0,2.0,2.0,3.0,2.0,6.0,5.0,4.0,0,2000.0,28.571428571428573,350.0,60.0,2,600.0,Good,1,0,0,1,0,0
163,5,31.0,17,22000.0,1.0,1.0,4.0,1.0,10.0,9.0,3.0,2,1800.0,60.0,350.0,60.0,1,600.0,Poor,0,1,0,1,0,0
164,1,46.0,19,60000.0,4.0,3.0,2.0,3.0,7.0,7.0,5.0,0,5500.0,61.11111111111112,680.0,130.0,2,1200.0,Standard,1,0,0,1,0,0
165,11,32.0,21,35000.0,2.0,1.0,3.5,1.0,7.0,6.0,2.0,2,3000.0,50.0,500.0,80.0,1,600.0,Poor,0,1,0,1,0,0
166,10,36.0,1,48000.0,3.0,2.0,2.5,2.0,6.0,5.0,4.0,0,4000.0,57.142857142857146,600.0,110.0,0,900.0,Good,1,0,0,1,0,0
167,9,47.0,3,25000.0,1.0,1.0,4.5,1.0,8.0,7.0,3.0,2,2000.0,50.0,400.0,60.0,1,400.0,Poor,0,1,1,1,0,0
168,2,26.0,10,38000.0,2.0,2.0,3.0,2.0,7.0,6.0,4.0,0,3200.0,45.71428571428572,500.0,90.0,2,800.0,Standard,1,0,0,1,0,0
169,4,42.0,14,35000.0,2.0,1.0,4.0,1.0,9.0,8.0,3.0,2,2800.0,40.0,550.0,90.0,1,700.0,Good,1,0,0,1,0,0
170,3,29.0,18,30000.0,2.0,2.0,3.0,2.0,6.0,5.0,4.0,0,2500.0,35.714285714285715,500.0,80.0,0,600.0,Good,1,1,1,1,0,0
171,8,38.0,7,28000.0,1.0,1.0,4.5,1.0,8.0,7.0,3.0,2,2200.0,55.0,450.0,70.0,2,700.0,Poor,0,1,0,1,0,0
172,0,43.0,8,55000.0,3.0,2.0,2.5,2.0,5.0,4.0,4.0,0,4500.0,75.0,620.0,120.0,1,1000.0,Good,1,0,1,1,0,0
173,7,28.0,10,40000.0,2.0,1.0,3.0,1.0,6.0,5.0,2.0,2,3500.0,58.333333333333336,550.0,100.0,0,800.0,Standard,1,0,0,1,0,0
174,6,34.0,11,15000.0,1.0,1.0,4.0,1.0,4.0,3.0,2.0,1,1200.0,80.0,250.0,40.0,1,400.0,Poor,0,1,0,1,0,0
175,5,49.0,13,20000.0,1.0,1.0,4.5,1.0,9.0,8.0,3.0,2,1800.0,60.0,300.0,50.0,0,500.0,Poor,0,1,1,1,0,0
176,1,23.0,15,25000.0,2.0,2.0,3.0,2.0,6.0,5.0,4.0,0,2000.0,28.571428571428573,350.0,60.0,2,600.0,Good,1,0,0,1,0,0
177,11,31.0,17,22000.0,1.0,1.0,4.0,1.0,10.0,9.0,3.0,2,1800.0,60.0,350.0,60.0,1,600.0,Poor,0,1,0,1,0,0
178,10,46.0,19,60000.0,4.0,3.0,2.0,3.0,7.0,7.0,5.0,0,5500.0,61.11111111111112,680.0,130.0,2,1200.0,Standard,1,0,0,1,0,0
179,9,32.0,21,35000.0,2.0,1.0,3.5,1.0,7.0,6.0,2.0,2,3000.0,50.0,500.0,80.0,1,600.0,Poor,0,1,0,1,0,0
180,2,36.0,1,48000.0,3.0,2.0,2.5,2.0,6.0,5.0,4.0,0,4000.0,57.142857142857146,600.0,110.0,0,900.0,Good,1,0,0,1,0,0
181,4,47.0,3,25000.0,1.0,1.0,4.5,1.0,8.0,7.0,3.0,2,2000.0,50.0,400.0,60.0,1,400.0,Poor,0,1,1,1,0,0
182,3,26.0,10,38000.0,2.0,2.0,3.0,2.0,7.0,6.0,4.0,0,3200.0,45.71428571428572,500.0,90.0,2,800.0,Standard,1,0,0,1,0,0
183,8,42.0,14,35000.0,2.0,1.0,4.0,1.0,9.0,8.0,3.0,2,2800.0,40.0,550.0,90.0,1,700.0,Good,1,0,0,1,0,0
184,0,29.0,18,30000.0,2.0,2.0,3.0,2.0,6.0,5.0,4.0,0,2500.0,35.714285714285715,500.0,80.0,0,600.0,Good,1,1,1,1,0,0
185,7,38.0,7,28000.0,1.0,1.0,4.5,1.0,8.0,7.0,3.0,2,2200.0,55.0,450.0,70.0,2,700.0,Poor,0,1,0,1,0,0
186,6,43.0,8,55000.0,3.0,2.0,2.5,2.0,5.0,4.0,4.0,0,4500.0,75.0,620.0,120.0,1,1000.0,Good,1,0,1,1,0,0
187,5,28.0,10,40000.0,2.0,1.0,3.0,1.0,6.0,5.0,2.0,2,3500.0,58.333333333333336,550.0,100.0,0,800.0,Standard,1,0,0,1,0,0
188,1,34.0,11,15000.0,1.0,1.0,4.0,1.0,4.0,3.0,2.0,1,1200.0,80.0,250.0,40.0,1,400.0,Poor,0,1,0,1,0,0
189,11,49.0,13,20000.0,1.0,1.0,4.5,1.0,9.0,8.0,3.0,2,1800.0,60.0,300.0,50.0,0,500.0,Poor,0,1,1,1,0,0
190,10,23.0,15,25000.0,2.0,2.0,3.0,2.0,6.0,5.0,4.0,0,2000.0,28.571428571428573,350.0,60.0,2,600.0,Good,1,0,0,1,0,0
191,9,31.0,17,22000.0,1.0,1.0,4.0,1.0,10.0,9.0,3.0,2,1800.0,60.0,350.0,60.0,1,600.0,Poor,0,1,0,1,0,0
192,2,46.0,19,60000.0,4.0,3.0,2.0,3.0,7.0,7.0,5.0,0,5500.0,61.11111111111112,680.0,130.0,2,1200.0,Standard,1,0,0,1,0,0
193,4,32.0,21,35000.0,2.0,1.0,3.5,1.0,7.0,6.0,2.0,2,3000.0,50.0,500.0,80.0,1,600.0,Poor,0,1,0,1,0,0
194,3,36.0,1,48000.0,3.0,2.0,2.5,2.0,6.0,5.0,4.0,0,4000.0,57.142857142857146,600.0,110.0,0,900.0,Good,1,0,0,1,0,0
195,8,47.0,3,25000.0,1.0,1.0,4.5,1.0,8.0,7.0,3.0,2,2000.0,50.0,400.0,60.0,1,400.0,Poor,0,1,1,1,0,0
196,0,26.0,10,38000.0,2.0,2.0,3.0,2.0,7.0,6.0,4.0,0,3200.0,45.71428571428572,500.0,90.0,2,800.0,Standard,1,0,0,1,0,0
197,7,42.0,14,35000.0,2.0,1.0,4.0,1.0,9.0,8.0,3.0,2,2800.0,40.0,550.0,90.0,1,700.0,Good,1,0,0,1,0,0
198,6,29.0,18,30000.0,2.0,2.0,3.0,2.0,6.0,5.0,4.0,0,2500.0,35.714285714285715,500.0,80.0,0,600.0,Good,1,1,1,1,0,0
199,5,38.0,7,28000.0,1.0,1.0,4.5,1.0,8.0,7.0,3.0,2,2200.0,55.0,450.0,70.0,2,700.0,Poor,0,1,0,1,0,0
200,1,43.0,8,55000.0,3.0,2.0,2.5,2.0,5.0,4.0,4.0,0,4500.0,75.0,620.0,120.0,1,1000.0,Good,1,0,1,1,0,0
201,11,28.0,10,40000.0,2.0,1.0,3.0,1.0,6.0,5.0,2.0,2,3500.0,58.333333333333336,550.0,100.0,0,800.0,Standard,1,0,0,1,0,0
202,10,34.0,11,15000.0,1.0,1.0,4.0,1.0,4.0,3.0,2.0,1,1200.0,80.0,250.0,40.0,1,400.0,Poor,0,1,0,1,0,0
203,9,49.0,13,20000.0,1.0,1.0,4.5,1.0,9.0,8.0,3.0,2,1800.0,60.0,300.0,50.0,0,500.0,Poor,0,1,1,1,0,0
204,2,23.0,15,25000.0,2.0,2.0,3.0,2.0,6.0,5.0,4.0,0,2000.0,28.571428571428573,350.0,60.0,2,600.0,Good,1,0,0,1,0,0
205,4,31.0,17,22000.0,1.0,1.0,4.0,1.0,10.0,9.0,3.0,2,1800.0,60.0,350.0,60.0,1,600.0,Poor,0,1,0,1,0,0
206,3,46.0,19,60000.0,4.0,3.0,2.0,3.0,7.0,7.0,5.0,0,5500.0,61.11111111111112,680.0,130.0,2,1200.0,Standard,1,0,0,1,0,0
207,8,32.0,21,35000.0,2.0,1.0,3.5,1.0,7.0,6.0,2.0,2,3000.0,50.0,500.0,80.0,1,600.0,Poor,0,1,0,1,0,0
208,0,36.0,1,48000.0,3.0,2.0,2.5,2.0,6.0,5.0,4.0,0,4000.0,57.142857142857146,600.0,110.0,0,900.0,Good,1,0,0,1,0,0
209,7,47.0,3,25000.0,1.0,1.0,4.5,1.0,8.0,7.0,3.0,2,2000.0,50.0,400.0,60.0,1,400.0,Poor,0,1,1,1,0,0
210,6,26.0,10,38000.0,2.0,2.0,3.0,2.0,7.0,6.0,4.0,0,3200.0,45.71428571428572,500.0,90.0,2,800.0,Standard,1,0,0,1,0,0
211,5,42.0,14,35000.0,2.0,1.0,4.0,1.0,9.0,8.0,3.0,2,2800.0,40.0,550.0,90.0,1,700.0,Good,1,0,0,1,0,0
212,1,29.0,18,30000.0,2.0,2.0,3.0,2.0,6.0,5.0,4.0,0,2500.0,35.714285714285715,500.0,80.0,0,600.0,Good,1,1,1,1,0,0
213,11,38.0,7,28000.0,1.0,1.0,4.5,1.0,8.0,7.0,3.0,2,2200.0,55.0,450.0,70.0,2,700.0,Poor,0,1,0,1,0,0
214,10,43.0,8,55000.0,3.0,2.0,2.5,2.0,5.0,4.0,4.0,0,4500.0,75.0,620.0,120.0,1,1000.0,Good,1,0,1,1,0,0
215,9,28.0,10,40000.0,2.0,1.0,3.0,1.0,6.0,5.0,2.0,2,3500.0,58.333333333333336,550.0,100.0,0,800.0,Standard,1,0,0,1,0,0
216,2,34.0,11,15000.0,1.0,1.0,4.0,1.0,4.0,3.0,2.0,1,1200.0,80.0,250.0,40.0,1,400.0,Poor,0,1,0,1,0,0
217,4,49.0,13,20000.0,1.0,1.0,4.5,1.0,9.0,8.0,3.0,2,1800.0,60.0,300.0,50.0,0,500.0,Poor,0,1,1,1,0,0
218,3,23.0,15,25000.0,2.0,2.0,3.0,2.0,6.0,5.0,4.0,0,2000.0,28.571428571428573,350.0,60.0,2,600.0,Good,1,0,0,1,0,0
219,8,31.0,17,22000.0,1.0,1.0,4.0,1.0,10.0,9.0,3.0,2,1800.0,60.0,350.0,60.0,1,600.0,Poor,0,1,0,1,0,0
220,0,46.0,19,60000.0,4.0,3.0,2.0,3.0,7.0,7.0,5.0,0,5500.0,61.11111111111112,680.0,130.0,2,1200.0,Standard,1,0,0,1,0,0
221,7,32.0,21,35000.0,2.0,1.0,3.5,1.0,7.0,6.0,2.0,2,3000.0,50.0,500.0,80.0,1,600.0,Poor,0,1,0,1,0,0
222,6,36.0,1,48000.0,3.0,2.0,2.5,2.0,6.0,5.0,4.0,0,4000.0,57.142857142857146,600.0,110.0,0,900.0,Good,1,0,0,1,0,0
223,5,47.0,3,25000.0,1.0,1.0,4.5,1.0,8.0,7.0,3.0,2,2000.0,50.0,400.0,60.0,1,400.0,Poor,0,1,1,1,0,0
224,1,26.0,10,38000.0,2.0,2.0,3.0,2.0,7.0,6.0,4.0,0,3200.0,45.71428571428572,500.0,90.0,2,800.0,Standard,1,0,0,1,0,0
225,11,42.0,14,35000.0,2.0,1.0,4.0,1.0,9.0,8.0,3.0,2,2800.0,40.0,550.0,90.0,1,700.0,Good,1,0,0,1,0,0
226,10,29.0,18,30000.0,2.0,2.0,3.0,2.0,6.0,5.0,4.0,0,2500.0,35.714285714285715,500.0,80.0,0,600.0,Good,1,1,1,1,0,0
227,9,38.0,7,28000.0,1.0,1.0,4.5,1.0,8.0,7.0,3.0,2,2200.0,55.0,450.0,70.0,2,700.0,Poor,0,1,0,1,0,0
228,2,43.0,8,55000.0,3.0,2.0,2.5,2.0,5.0,4.0,4.0,0,4500.0,75.0,620.0,120.0,1,1000.0,Good,1,0,1,1,0,0
229,4,28.0,10,40000.0,2.0,1.0,3.0,1.0,6.0,5.0,2.0,2,3500.0,58.333333333333336,550.0,100.0,0,800.0,Standard,1,0,0,1,0,0
230,3,34.0,11,15000.0,1.0,1.0,4.0,1.0,4.0,3.0,2.0,1,1200.0,80.0,250.0,40.0,1,400.0,Poor,0,1,0,1,0,0
231,8,49.0,13,20000.0,1.0,1.0,4.5,1.0,9.0,8.0,3.0,2,1800.0,60.0,300.0,50.0,0,500.0,Poor,0,1,1,1,0,0
232,0,23.0,15,25000.0,2.0,2.0,3.0,2.0,6.0,5.0,4.0,0,2000.0,28.571428571428573,350.0,60.0,2,600.0,Good,1,0,0,1,0,0
233,7,31.0,17,22000.0,1.0,1.0,4.0,1.0,10.0,9.0,3.0,2,1800.0,60.0,350.0,60.0,1,600.0,Poor,0,1,0,1,0,0
234,6,46.0,19,60000.0,4.0,3.0,2.0,3.0,7.0,7.0,5.0,0,5500.0,61.11111111111112,680.0,130.0,2,1200.0,Standard,1,0,0,1,0,0
235,5,32.0,21,35000.0,2.0,1.0,3.5,1.0,7.0,6.0,2.0,2,3000.0,50.0,500.0,80.0,1,600.0,Poor,0,1,0,1,0,0
236,1,36.0,1,48000.0,3.0,2.0,2.5,2.0,6.0,5.0,4.0,0,4000.0,57.142857142857146,600.0,110.0,0,900.0,Good,1,0,0,1,0,0
237,11,47.0,3,25000.0,1.0,1.0,4.5,1.0,8.0,7.0,3.0,2,2000.0,50.0,400.0,60.0,1,400.0,Poor,0,1,1,1,0,0
238,10,26.0,10,38000.0,2.0,2.0,3.0,2.0,7.0,6.0,4.0,0,3200.0,45.71428571428572,500.0,90.0,2,800.0,Standard,1,0,0,1,0,0
239,9,42.0,14,35000.0,2.0,1.0,4.0,1.0,9.0,8.0,3.0,2,2800.0,40.0,550.0,90.0,1,700.0,Good,1,0,0,1,0,0
240,2,29.0,18,30000.0,2.0,2.0,3.0,2.0,6.0,5.0,4.0,0,2500.0,35.714285714285715,500.0,80.0,0,600.0,Good,1,1,1,1,0,0
241,4,38.0,7,28000.0,1.0,1.0,4.5,1.0,8.0,7.0,3.0,2,2200.0,55.0,450.0,70.0,2,700.0,Poor,0,1,0,1,0,0
242,3,43.0,8,55000.0,3.0,2.0,2.5,2.0,5.0,4.0,4.0,0,4500.0,75.0,620.0,120.0,1,1000.0,Good,1,0,1,1,0,0
243,8,28.0,10,40000.0,2.0,1.0,3.0,1.0,6.0,5.0,2.0,2,3500.0,58.333333333333336,550.0,100.0,0,800.0,Standard,1,0,0,1,0,0
244,0,34.0,11,15000.0,1.0,1.0,4.0,1.0,4.0,3.0,2.0,1,1200.0,80.0,250.0,40.0,1,400.0,Poor,0,1,0,1,0,0
245,7,49.0,13,20000.0,1.0,1.0,4.5,1.0,9.0,8.0,3.0,2,1800.0,60.0,300.0,50.0,0,500.0,Poor,0,1,1,1,0,0
246,6,23.0,15,25000.0,2.0,2.0,3.0,2.0,6.0,5.0,4.0,0,2000.0,28.571428571428573,350.0,60.0,2,600.0,Good,1,0,0,1,0,0
247,5,31.0,17,22000.0,1.0,1.0,4.0,1.0,10.0,9.0,3.0,2,1800.0,60.0,350.0,60.0,1,600.0,Poor,0,1,0,1,0,0
248,1,46.0,19,60000.0,4.0,3.0,2.0,3.0,7.0,7.0,5.0,0,5500.0,61.11111111111112,680.0,130.0,2,1200.0,Standard,1,0,0,1,0,0
249,11,32.0,21,35000.0,2.0,1.0,3.5,1.0,7.0,6.0,2.0,2,3000.0,50.0,500.0,80.0,1,600.0,Poor,0,1,0,1,0,0
250,10,36.0,1,48000.0,3.0,2.0,2.5,2.0,6.0,5.0,4.0,0,4000.0,57.142857142857146,600.0,110.0,0,900.0,Good,1,0,0,1,0,0
